<?xml version="1.0" encoding="UTF-8" standalone="no"?>
<config>
    <lines at="topleft">
        <line>
            <str>Time of Day: </str>
            <if>
                <var>daytime</var>
                <str>$e</str>
                <str>$8</str>
            </if>
            <str>{mctime12} </str>
        </line>
        <line>
            <str>Biome: $e{biome}$f</str>
            <if>
                <var>slimes</var>
                <str> ($aSlime$f)</str>
                <str> </str>
            </if>
        </line>
        <line>
            <str>$fMemory Used: </str>
            <str>{memused}</str>
        </line>
        <line>
            <str>FPS: </str>
            <operation>
                <str>gt</str>
                <var>fps</var>
                <num>57</num>
                <num>43</num>
                <num>29</num>
                <num>14</num>
                <num>0</num>
                <str>$a</str>
                <str>$e</str>
                <str>$6</str>
                <str>$c</str>
                <str>$4</str>
                <str/>
            </operation>
            <var>fps</var>
        </line>
        <line>
            <str>Entities: $7{entitiesrendered}$f / $7{entitiestotal}$f</str>
        </line>
    </lines>
</config>
